timestamp,id,tc,sc,notes
1630886400,1,n,n,n = |nums.size()|
1630886400,88,n + m,n + m,
1630886400,189,n,n,n = |nums.size()|
1630886400,977,n,n,n = |nums.size()|
1630886400,1629,n,1,n = |releaseTims.size()|
1630972800,121,n,q,n = |prices.size()|
1630972800,167,n,1,n = |numbers.size()|
1630972800,206,n,1,n = node count of |head|
1630972800,283,n,1,n = |nums.size()|
1630972800,350,n * log(n),1,"n = max(|nums1.size()|, |nums2.size()|)"
1631059200,118,n^2,1,n = |numRows.size()|
1631059200,344,n,1,n = |s.size()|
1631059200,557,n,1,n = |s.size()|
1631059200,566,n * m,1,"m = |mat.size()|, n = |mat[i].size()|"
1631059200,848,n,1,n = |shifts.size()|
1631145600,19,n,1,n = node count of |head|
1631145600,36,1,1,
1631145600,74,log(m)*log(n),m,"m = |matrix.size()|, n = |matrix[i].size()|"
1631145600,764,n^2,n^2,
1631145600,876,n,1,n = node count of |head|
1631232000,3,n,1,n = |s.size()|
1631232000,242,n,1,"n = max(|s.size()|, |t.size()|)"
1631232000,383,n,1,"n = |ransomNode.size()|, m = |magazine.size()|"
1631232000,387,n,1,n = |s.size()|
1631232000,446,n^2 * log(n),n^2,n = |nums.size()|
1631232000,567,n*m,n,"m = |s1.size()|, m = |s2.size()|"
1631318400,21,n + m,1,"n = node count of |list1|, m = node count of |list2|"
1631318400,141,n,1,n = node count of |head|
1631318400,203,n,1,n = node count of |head|
1631318400,224,n,n,n = |s.size()|
1631318400,695,m * n,m * n,"m = |grid.size()|, n = |grid[i].size()|"
1631318400,733,m * n,m * n,"m = |image.size()|, n = |image[i].size()|"
1631404800,83,n,1,n = node count of |head|
1631404800,116,n,n,n = node count of |root|
1631404800,617,n + m,1,"n = node count of |root1|, m = node count of |root2| and H = max(height of |root1|, height of |root2|)"
1631404800,882,m * log(m),m * n,m = |edges.size()|
1631491200,20,n,n,n = |s.size()|
1631491200,542,n * m,n * m,"n = |mat.size()|, m = |mat[i].size()|"
1631491200,994,n * m,n * m,"n = |grid.size()|, m = |grid[i].size()|"
1631491200,1189,n,1,n = |text.size()|
1631577600,94,n,log(n),"n = node count of |root|, H = height of |root|"
1631577600,144,n,log(n),"n = node count of |root|, H = height of |root|"
1631577600,145,n,log(n),"n = node count of |root|, H = height of |root|"
1631577600,917,n,1,n = |s.size()|
1631664000,46,n^2,n^2,n = |nums.size()|
1631664000,77,n * k,n * k,
1631664000,101,n,log(n),"n = node count of |root|, H = height of |root|"
1631664000,102,n,log(n),"n = node count of |root|, H = height of |root|"
1631664000,104,n,log(n),"n = node count of |root|, H = height of |root|"
1631664000,784,n * s^n,n,n = |s.size()|
1631664000,978,n,1,n = |arr.size()|
1631750400,54,n * m,n * m,"m = |matrix.size()|, n = |matrix[0].size()|"
1631750400,70,n,1,
1631750400,112,n,log(n),n = nodes count of |root|
1631750400,120,n^2,1,n = |triangle.size()|
1631750400,198,n,n,n = |nums.size()|
1631750400,226,n,log(n),n = nodes count of |root|
1631836800,191,1,1,
1631836800,231,1,1,
1631836800,700,log(n),1,n = nodes count of |root|
1631836800,701,log(n),1,n = nodes count of |root|
1631923200,98,n,n,n = nodes count of |root|
1631923200,136,n,1,n = |nums.size()|
1631923200,190,1,1,
1631923200,235,n,log(n),n = nodes count of |root|
1631923200,282,-,-,not calculated
1631923200,653,n,n,n = nodes count of |root|
1632009600,15,n * log(n),1,n = |nums.size()|
1632009600,33,log(n),1,n = |nums.size()|
1632009600,34,log(n),1,n = |nums.size()|
1632009600,115,m * n,m * n,"m = |s.size()|, n = |t.size()|"
1632009600,169,n,n,n = |nums.size()|
1632096000,56,n * log(n),1,n = |intervals.size()|
1632096000,75,n,1,n = |nums.size()|
1632096000,153,log(n),1,n = |nums.size()|
1632096000,162,log(n),log(n),n = |nums.size()|
1632096000,706,-,-,not calculated
1632096000,1275,1,1,
1632182400,48,n^2,n^2,n = |matrix.size()|
1632182400,59,n^2,1,
1632182400,82,n,n,"n = nodes count of |head|, n in SC is used to removed the dangling nodes"
1632182400,119,n,1,n = |rowIndex|
1632182400,485,n,1,n = |nums.size()|
1632268800,11,n * log(n),1,n = |height.size()|
1632268800,240,m * n,1,"m = |matrix.size()|, n = |matrix[i].size()|"
1632268800,435,n,n,n = |intervals.size()|
1632268800,844,n,n,"n = max(|s.size()|, |t.size()|)"
1632268800,986,n,1,"n = max(|firstList.size()|, |secondList.size()|)"
1632268800,1239,-,-,not calculated
1632355200,1328,n,1,n = |palindrome.size()|
1632355200,438,-,-,not calculated
1632355200,713,-,-,not calculated
1632355200,209,n,1,n = |nums.size()|
1632355200,334,n,1,n = |nums.size()|
1632355200,238,n,1,n = |nums.size()|
1632355200,560,n,n,n = |nums.size()|
1632468215,1137,n,n,
1632470216,547,n,1,n = |isConnected.size()|
1632470405,415,n,1,"n = min(|num1.size()|, |num2.size()|)"
1632469428,200,m * n,m * n,"m = grid.size(), n = |grid[i].size()|"
1632471088,409,n,n,n = |s.size()|
1632555781,1293,m * n,m * n,"m = |grid.size()|, n = |grid[i].size()|"
1632556546,117,-,-,not calculated
1632557169,572,-,-,not calculated
1632558876,290,-,-,not calculated
1632559678,763,n,1,n = |s.size()|
1632639105,1091,m * n,m * n,"m = |grid.size()|, n = |grid[i].size()|"
1632641232,130,m * n,m * n,"m = |board.size()|, n = |board[i].size()|"
1632642813,797,-,-,not calculated
1632649132,49,E * log(E),E,E = total string length of |strs|
1632652111,43,m * n,1,"m = |num1.size()|, n = |num2.size()|"
1632653054,782,-,-,not calculated
1632720357,78,n^2,1,n = |nums.size()|
1632721240,90,-,-,not calculated
1632721952,187,-,-,not calculated
1632722620,5,n^2,1,n = |s.size()|
1632729760,929,E * log(E),E,E = total string length of |emails|
1632794107,47,-,-,not calculate
1632795300,39,n^2,n,n = |candidates.size()|
1632796828,40,-,-,not calculated
1632797537,2,n,1,"n = max(nodes count of |l1|, nodes count of |l2|)"
1632799320,142,n,1,n = nodes count of |head|
1632824560,922,n,1,n = |nums.size()|
1632891902,17,-,-,not calculated
1632892741,22,-,-,not calculated
1632894985,79,m * n,1,"m = |board.size()|, n = |board[i].size()|"
1632896282,160,n,n,"n = max(nodes count of |headA|, nodes count of |headB|)"
1632906000,725,n,1,n = nodes count of |head|
1632980038,213,n,1,n = |nums.size()|
1632980439,55,n,1,n = |nums.size()|
1632980888,24,n,1,n = nodes count of |head|
1632982627,707,-,-,not calculated
1632987223,698,n * log(n),n^2,n = |nums.size()|
1633059407,1143,m * n,m * n,"m = |text1.size()|, n = |text2.size()|"
1633059544,45,n,1,n = |nums.size()|
1633060271,62,m * n,m * n,
1633061197,143,n,n,n = nodes count of |head|
1633062467,25,n,n,n = nodes count of |head|
1633152026,174,m * n,m * n,"m = |dungeon.size()|, n = |dungeon[i].size()|"
1633155807,413,n,1,n = |nums.size()|
1633156455,155,-,-,not calculated
1633156950,1249,n,n,n = |s.size()|
1633158396,1823,n,n,
1633231996,91,n,n,n = |s.size()|
1633233168,139,-,-,not calculated
1633234049,108,log(n),log(n),n = |nums.size()|
1633236433,105,n * log(m),n * log(m),"n = |preorder.size()|, m = |inorder.size()|"
1633239729,103,n,n,n = nodes count of |root|
1633317884,463,m * n,1,"m = |grid.size()|, n =|grid[i].size()|"
1633320734,300,n * log(n),n,n = |nums.size()|
1633321502,673,n^2,n,n = |nums.size()|
1633321870,199,n,log(n),n = nodes count of |root|
1633322411,113,n * log(n),log(n),n = nodes count of |root|
1633324271,450,log(n),1,n = nodes count of |root|
1633359712,37,1,1,
1633368103,7,n,1,n = digits of |x|
1633369991,93,1,1,
1633406792,583,m * n,m * n,"m = |word1.size()|, n = |word2.size()|"
1633407952,230,n,n,n = nodes count of |root|
1633408623,173,-,-,not calculated
1633409934,501,n,log(n),n = nodes count of |root|
1633449083,1545,-,-,not calculated
1633449665,717,n,1,n = |bits.size()|
1633449971,338,-,-,not calculated
1633450822,898,n^2,n,n = |arr.size()|
1633452063,201,-,-,not calculated
1633452404,693,k,1,k = digits of |n|
1633453100,1356,n * log(n),1,n = |arr.size()|
1633453939,762,-,-,not calculated
1633494564,442,n,1,n = |nums.size()|
1633495550,343,n^2,n,
1633496519,322,m * n,m,"n = |coins.size()|, m = |amount|"
1633497078,72,m * n,m * n,"m = |word1.size()|, n = |word2.size()|"
1633498043,236,(log(n))^2,log(n),n = nodes count of |root|
1633499699,297,-,-,not calculated
1633572673,997,n + m,n,m = |trust.size()|
1633573961,1557,-,-,not calculated
1633575441,841,-,-,not calculated
1633666682,208,-,-,not calculated
1633668536,384,-,-,not calculated
1633669012,215,n * log(n),1,n = |nums.size()|
1633669783,347,n * log(n),n,n = |nums.size()|
1633679723,257,n,log(n),n = nodes count of |root|
1633681655,4,log(n + m),1,"m = |nums1.size()|, n = |nums2.size()|"
1633760516,202,-,-,not calculated
1633761755,149,n^2,n,n = |points.size()|
1633763131,451,n * log(n),n,n = |s.size()|
1633763918,973,n * log(n),n,n = |points.size()|
1633765094,212,m * n * E,E,"m = |board.size()|, n = |board[i].size()|, E = max string length in |words|"
1633768716,96,n^2,n,
1633770546,8,n,1,n = |s.size()|
1633844239,509,n,1,
1633844788,6,m * n,1,"m = |s.size()|, n = |numRows|"
1633845363,9,n,1,n = digits of |x|
1633846805,10,m * n,m * n,"m = |s.size()|, n = |p.size()|"
1633935194,543,n,log(n),n = nodes count of |root|
1633936043,746,n,n,n = |cost.size()|
1633944690,12,n,1,n = digits of |num|
1633945756,114,n,n,n = nodes count of |root|
1633946119,111,n,log(n),n = nodes count of |root|
1633946964,110,n,log(n),n = nodes count of |root|
1634008827,374,log(n),1,
1634010759,740,n * log(n),n,n = |nums.size()|
1634012282,1887,n * log(n),n,n = |nums.size()|
1634047875,2018,-,-,not calculated
1634098265,1008,n,n,n = |preorder.size()|
1634099545,540,log(n),1,n = |nums.size()|
1634099980,1534,n^3,1,n = |arr.size()|
1634100393,1822,n,1,n = |nums.size()|
1634100901,946,m + n,"max(m, n)","m = |pushed.size()|, n = |popped.size()|"
1634102483,852,log(n),1,n = |arr.size()|
1634183792,279,n * sqrt(n),n,
1634186123,53,n,1,n = |nums.size()|
1634186921,918,n,1,n = |nums.size()|
1634263688,309,n,1,n = |prices.size()|
1634264253,152,n,1,n = |nums.size()|
1634264916,1567,n,1,n = |nums.size()|
1634361209,123,n,n,n = |prices.size()|
1634362149,1014,n,1,n = |values.size()|
1634362548,122,n,1,n = |prices.size()|
1634450834,437,n,log(n),n = nodes count of |root|
1634451644,714,n,1,n = |prices.size()|
1634456264,1361,n,n,
1634457126,1881,-,-,not calculated
1634533028,993,n,n,n = nodes count of |root|
1634534996,42,n,n,n = |height.size()|
1634611910,496,m + n^2,n,"m = |nums1.size()|, n = |nums2.size()|"
1634616335,1559,m * n,"max(m, n)","m = |grid.size()|, n = |grid[i].size()|"
1634707071,151,n,1,n = |s.size()|
1634707826,264,n,n,
1634709113,148,n * log(n),n,n = nodes count of |head|
1634793254,380,-,-,not calculated
1634882128,931,m * n,m * n,"m = |matrix.size()|, n = |matrix[i].size()|"
1634954120,154,log(n),1,n = |nums.size()|
1634954194,1314,m * n * k^2,1,"m = |mat.size()|, n = |mat[i].size()|"
1634954261,304,-,-,not calculated
1635084205,222,n,log(n),n = nodes count of |root|
1635084466,63,m * n,m * n,"m = |obstacleGrid.size()|, n = |obstacleGrid[i].size()|"
1635142942,64,m * n,1,"m = |grid.size()|, n = |grid[i].size()|"
1635142998,221,m * n,m * n,"m = |matrix.size()|, n = |matrix[i].size()|"
1635228790,516,n^2,n^2,n = |s.size()|
1635229589,561,n * log(n),1,n = |nums.size()|
1635314453,376,n,n,n = |nums.size()|
1635402727,392,n,1,"n = max(|s.size()|, |t.size()|)"
1635483384,518,m,n,"n = |amount|, m = |coins.size()|"
1635576545,1044,n^2,n,n = |s.size()|
1635577782,377,n,1,n = |nums.size()|
1635657131,430,n,n,n = nodes count of |head|
1635762185,1480,n,1,n = |nums.size()|
1635848636,980,m * n,"max(m, n)","m = |grid.size()|, n = |grid[i].size()|"
1635934602,129,n,n,n = nodes count of |root|
1636020053,404,n,log(n),n = nodes count of |root|
1636020560,1254,m * n,m * n,"m = |grid.size()|, n = |grid[i].size()|"
1636107697,441,1,1,
1636200478,260,n,n,n = |nums.size()|
1636200975,884,-,-,not calculated
1636268616,951,n,log(n),"n = max(nodes count of |root1|, nodes count of |root2|)"
1636269498,13,n,1,n = |s.size()|
1636269925,14,n * E,E,"n = |strs.size()|, E = max string length in |strs|"
1636367199,621,n * log(n),n,n = |tasks.size()|
1636452626,1178,-,-,not calculated
1636537958,1043,n^2,n,n = |arr.size()|
1636637312,1413,n,1,n = |nums.size()|
1636637675,1221,n,1,n = |s.size()|
1636712980,888,n + m,m,"n = |aliceSizes.size()|, m = |bobSizes.size()|"
1636775460,739,n^2,n,n = |temperatures.size()|
1636867104,1286,-,-,not calculated
1636970945,368,n^2,n,n = |nums.size()|
1637057607,668,m * log(n),1,
1637144267,16,n^2 + n * log(n),1,n = |nums.size()|
1637145808,23,n,1,n = total nodes count in |lists|
1637231266,448,n,n,n = |nums.size()|
1637332759,461,1,1,
1637388855,26,n,1,n = |nums.size()|
1637389266,27,n^2,1,n = |nums.size()|
1637390195,28,n * m,m,"n = |haystack.size()|, m = |needle.size()|"
1637390313,29,-,-,not calculated
1637472197,106,n,n,n = |inorder.size()|
1637575977,18,n^3 + n * log(n),n,n = |nums.size()|
1637663491,952,-,-,not calculated
1637664293,2011,n,1,n = |operations.size()|
1637664648,258,1,1,
1637748640,1002,n * E,1,"n = |words.size()|, E = max string length in |words|"
1637834577,263,-,-,not calculated
1637933848,35,log(n),1,n = |nums.size()|
1637992943,31,-,-,not calculated
1638080945,50,n,1,
1638180456,721,-,-,not calculated
1638267562,85,-,-,not calculated
1638367234,32,n,n,n = |s.size()|
1638368659,41,n,1,n = |nums.size()|
1638421458,328,n,1,n = nodes count of |head|
1638527857,520,n,1,n = |word.size()|
1638627730,1032,-,-,not calculated
1638684527,337,n,log(n),n = nodes count of |root|
1638785770,1217,n,1,n = |position.size()|
1638872889,1290,n,1,n = nodes count of |head|
1638957076,563,n,log(n),n = nodes count of |root|
1639043885,1306,-,-,not calculated
1639130363,790,n,1,
1639204080,878,"log(n * min(a, b))",1,
1639292692,416,n + S,S,"n = |nums.size()|, S = |accumulate(nums.begin(), nums.end(), 0)|"
1639390259,1446,n,1,n = |s.size()|
1639476347,938,n,log(n),n = nodes count |root|
1639562641,147,n * log(n),n,n = nodes count of |head|
1639581445,30,n * m,n + m,"n = |s.size()|, m = |words.size()|"
1639650103,310,n,n,
1639754067,57,n,1,n = |intervals.size()|
1639798550,902,m * E,E,"m = digits of |n|, E = total string length in |digits|"
1639906705,394,n,n,n = |s.size()|
1639994821,1200,-,-,not calculated
1640068458,61,n,1,n = nodes count of |head|
1640181487,507,sqrt(n),1,n = |num|
1640254196,210,n,n^2,n = |numCourses|
1640341744,44,m * n,m * n,"m = |s.size()|, n = |p.size()|"
1640436158,227,n,n,n = |s.size()|
1640501959,66,n,1,n = |digits.size()|
1640600766,476,1,1,
1640688019,58,n,1,n = |s.size()|
1640772812,92,m,m - n,"m = |right|, n = |left|"
1640858735,1015,n,1,n = |k|
1640932444,1026,n,n,n = nodes count of |root|
1641018982,312,n^3,n^2,n = |nums.size()|
1641108373,1010,n,n,n = |time.size()|
1641204999,38,-,-,not calculated
1641291355,1009,1,1,
1641377883,131,n * n^2,n,n = |s.size()|
1641463884,1094,n * log(n),n,n = |trips.size()|
1641550266,382,-,-,not calculated
1641621353,1463,m * n^2,m * n^2,"m = |grid.size()|, n = |grid[i].size()|"
1641709784,1041,n,1,n = |instructions.size()|
1641809668,67,n,1,"n = max(|a.size()|, |b.size()|)"
1641895478,1022,n,log(n),n = nodes count of |root|
1641981598,2042,n,1,n = |s.size()|
1642068641,452,n,n,n = |points.size()|
1642155290,69,log(n),1,n = |x|
1642227974,1345,n,n,n = |arr.size()|
1642317260,849,n,n,n = |seats.size()|
1642402211,80,n,1,n = |nums.size()|
1642500950,605,n,1,
1642587714,95,-,-,not calculated
1642673617,875,n * log(m),1,"n = |piles.size()|, m = max element in |piles|"
1642774331,134,n,1,n = |gas.size()|
1642831045,1510,n * sqrt(n),n,
1642917897,1291,-,-,not calculated
1643019139,769,n,1,n = |arr.size()|
1643105297,941,n,1,n = |arr.size()|
1643128023,60,n,1,
1643191597,1305,n + m,n + m,"n = nodes count of |root1|, m =  nodes count of |root2|"
1643278371,421,n,n,n = |nums.size()|
1643364752,211,-,-,not calculated
1643433425,84,n,n,n = |heights.size()|
1643520261,515,n,n,n = nodes count of |root|
1643599565,1672,m * n,1,"m = |accounts.size()|, n = |accounts[i].size()|"
1643694112,1267,m * n,m + n,"m = |grid.size()|, n = |grid[i].size()|"
1643776658,1081,n,1,n = |s.size()|
1643866174,454,n^2,n^2,n = |nums1.size()|
1643947335,525,n,n,n = |nums.size()|
1644046016,1720,n,1,n = |encoded.size()|
1644128531,1752,n,1,n = |nums.size()|
1644228798,389,n,1,n = |t.size()|
1644316434,1020,m * n,m * n,"m = |grid.size()|, n = |grid[i].size()|"
1644401802,532,n * log(n),n,n = |nums.size()|
1644405019,840,n * m,1,"m = |grid.size()|, n = |grid[i].size()|"
1644478978,1155,m * n,m,m = |target|
1644481394,1828,n * m,1,"m = |points.size()|, n = |queries.size()|"
1644481889,1929,n,1,n = |nums.size()|
1644482168,2090,n,1,n = |nums.size()|
1644487435,1419,n,1,n = |croakOfFrogs.size()|
1644491077,767,n,n,n = |s.size()|
1644493026,1786,(n + E) * log(n) + n^2,E + n,E = |edges.size()|
1644498353,124,n,n,n = nodes count of |root|
1644575693,504,log(n)/log(7),log(n)/log(7),n = |num|
1644576520,393,n,1,n = |data.size()|
1644587892,752,-,-,not calculated
1644594109,397,-,-,not calculated
1644595383,1529,n,1,n = |target.size()|
1644654459,127,-,-,not calculated
1644655722,1390,sqrt(m) * n,m,"m = max element in |nums|, n = |nums.size()|"
1644656412,1582,m * n,"max(n, m)","m = |mat.size()|, n = |mat[i].size()|"
1644759992,492,sqrt(n),1,n = |area|
1644833741,1879,-,-,not calculated
1644920104,1122,n,1,n = |arr1.size()|
1644920732,315,n * log(n),n,n = |nums.size()|
1644921963,1039,n^2,n^2,n = |values.size()|
1645006239,1017,log(n),1,
1645006627,2134,n,1,n = |nums.size()|
1645007711,1509,n * log(n),1,n = |nums.size()|
1645094268,1031,n,1,n = |nums.size()|
1645094995,1191,n,n,n = |arr.size()|
1645106118,1705,-,-,not calculated
1645107887,375,n * log(n),log(n) + n^2,
1645109016,1323,n,1,n = digits of |num|
1645110152,684,n * E,n * E,"n = nodes count in |edges|, E = |edges.size()|"
1645179934,402,n + k,1,n = |num.size()|
1645180769,1145,n,n,n = nodes count of |root|
1645185067,1408,n^2 * E^2,1,"n = |words.size()|, E = |words[i].size()|"
1645199352,65,n,1,n = |s.size()|
1645252793,1675,n * log(n),n,n = |nums.size()|
1645253563,1053,n^2,1,n = |arr.size()|
1645337955,1288,n * log(n),1,n = |intervals.size()|
1645338794,539,n * log(n),n,n = |timePoints.size()|
1645440155,1963,n,1,n = |s.size()|
1645454062,862,n,n,n = |nums.size()|
1645455030,907,n,n,n = |arr.size()|
1645456135,352,-,-,not calculated
1645458502,771,m,n,"m = |stones.size()|, n = |jevels.size()|"
1645458760,1029,n,n,n = |costs.size()|
1645524060,171,n,1,n = |columnTitle.size()|
1645524303,1674,n,m,"n = |nums.size()|, m = |limit|"
1645611916,133,n^2,n^2,n = nodes count of |node|
1645614827,1903,n,1,n = |num.size()|
1645615551,1791,1,1,
1645697979,1838,n * log(n),1,n = |nums.size()|
1645699265,1124,n,n,n = |hours.size()|
1645776291,165,n,1,"n = max(|version1.size()|, |version2.size()|)"
1645807685,146,-,-,not calculated
1645855280,847,n^2,n,n = |graph.size()|
1645889531,51,1,1,
1645892344,52,-,-,not calculated
1645893691,86,n,1,n = nodes count of |head|
1645932447,662,n,n,n = nodes count of |root|
1646034210,228,n,1,n = |nums.size()|
1646116191,109,n,log(n),n = nodes count of |head|
1646139889,68,n * E,1,"n = |words.size()|, E = |words[i].size()|"
1646217223,1344,1,1,
1646302437,1507,n,1,n = |date.size()|
1646388558,799,n^2,1,n = |query_row|
1646390098,1462,n^2,n,n = |numCourses|
1646445844,999,n^2,1,n = |board.size()|
1646446489,388,n^2,n,n = |input.size()|
1646542150,1359,n^2,n^2,
1646651333,1968,n,1,n = |nums.size()|
1646714169,1019,n,n,n = nodes count of |head|
1646820437,779,"min(n, log(k))","min(n, log(k))",
1646821047,1007,n,1,n = |tops.size()|
1646907454,1680,n,1,
1646908143,1464,n,1,n = |nums.size()|
1646994460,983,1,1,
1647062764,138,n,n,n = nodes count of |head|
1647065323,1905,m * n,m * n,"m = |grid1.size()|, n = |grid1[i].size()|"
1647149326,1162,n^2,n^2,n = |grid.size()|
1647151727,417,-,-,not calculated
1647154425,2200,n,n,n = |nums.size()|
1647253767,71,n,n,n = |path.size()|
1647339563,934,n^2,n^2,n = |grid.size()|
1647340932,1926,n * m,n * m,"n = |maze.size()|, m = |maze[i].size()|"
1647427017,2180,1,1,
1647511694,856,n,n,n = |s.size()|
1647512542,1319,n,n * m,m = |connections.size()|
1647598447,316,n,1,n = |s.size()|
1647599160,1376,n,n,
1647600841,802,n,n^2,n = |graph.size()|
1647668403,895,-,-,not calculated
1647671463,1129,N_r * N_b,n^2,"N_r = |redEdges.size()|, N_b = |blueEdges.size()|"
1647673780,1466,E,E,E = |connections.size()|
1647755825,1654,-,-,not calculated
1647756845,365,-,-,not calculated
1647851487,433,-,-,not calculated
1647921074,1663,n,1,
1648031268,991,log(n),1,n = |target|
1648031698,1615,n^2 * M,M,M = |roads.size()|
1648032122,886,n,m,m = |dislikes.size()|
1648032979,785,n,n,n = |graph.size()|
1648117410,881,n * log(n),1,n = |people.size()|
1648203089,1471,n * log(n),n,n = |arr.size()|
1648266974,1035,n * m,n * m,"n = |nums1.size()|, m = |nums2.size()|"
1648395219,1337,-,-,not calculated
1648462831,81,n,1,n = |nums.size()|
1648548649,287,n,1,n = |nums.size()|
1648636976,1829,n,1,n = |nums.size()|
1648705682,410,-,-,not calculated
1648808544,2149,n,1,n = |nums.size()|
1648887053,680,n,1,n = |s.size()|
1648971543,704,-,-,not calculated
1649050097,1721,n,1,n = nodes count of |head|
1649153536,912,n * log(n),n,n = |nums.size()|
1649239852,923,-,-,not calculated
1649242399,367,log(n),1,n = |num|
1649242676,1385,m * log(m) + m * log(n),1,"m = |arr1.size()|, n = |arr2.size()|"
1649243579,744,n,1,n = |letters.size()|
1649327269,1046,n * log(n),n,n = |stones.size()|
1649327747,278,log(n),1,
1649414242,1539,log(n),1,n = |arr.size()|
1649420157,703,-,-,not calculated
1649476844,1608,n * log(n),1,n = |nums.size()|
1649570366,682,n * E,n * E,"n = |ops.size()|, E = |ops[i].size()|"
1649571859,1351,m * log(n),1,"m = |grid.size()|, n = |grid[i].size()|"
1649672507,1260,m * n,1,"m = |grid.size()|, n = |grid[i].size()|"
1649673058,1346,n,n,n = |arr.size()|
1649759057,633,sqrt(c),1,
1649759383,289,m * n,m * n,"m = |board.size()|, n = |board[i].size()|"
1649848079,1855,m * log(n),1,"m = |nums1.size()|, n = |nums2.size()|"
1649932631,1523,1,1,
1649932832,1491,n,1,n = |salary.size()|
1650022234,669,n,log(n),n = nodes count of |root|
1650022690,1281,log(n)/log(10),1,
1650077170,538,n,log(n),n = nodes count of |root|
1650077624,1779,n,1,n = |points.size()|
1650078724,976,n * log(n),n,n = |nums.size()|
1650168649,897,n,n,n = nodes count |root|
1650170540,1502,n * log(n),1,n = |arr.size()|
1650170759,1790,n,1,n = |s1.size()|
1650276876,589,n,n,n = nodes count of |root|
1650277265,1232,n,1,n = |coordinates.size()|
1650339893,99,n,log(n),n = nodes count of |root|
1650340633,1588,n^2,n,n = |arr.size()|
1650449227,1572,n,1,n = |mat.size()|
1650501162,705,-,-,not calculated
1650502905,1768,n + m,1,"n = |word1.size()|, m = |word2.size()|"
1650503189,1678,n,1,n = |command.size()|
1650588591,709,n,1,n = |s.size()|
1650589095,1309,n,1,n = |s.size()|
1650589588,953,n * E,-,"n = |words.size()|, E = |words[i].size()|"
1650696742,535,-,-,not calculateed
1650781437,1396,-,-,not calculated
1650882767,284,-,-,not calculated
1650883394,1603,-,-,not calculated
1650883793,303,-,-,not calculated
1650969337,1584,n^2 * log(n),n^2,n = |points.size()|
1650970938,896,n,1,n = |nums.size()|
1651054875,1202,-,-,not calculated
1651056054,459,n,n,n = |s.size()|
1651140956,150,n * E,n,"n = |tokens.size()|, E = |tokens[i].size()|"
1651141701,1631,-,-,not calculated
1651217053,1367,-,-,not calculated
1651285849,989,n + log(k)/log(10),1,n = |nums.size()|
1651286363,399,-,-,not calculated
1651375300,2006,n^2,1,n = |nums.size()|
1651468658,905,n,1,n = |nums.size()|
1651469517,1886,n^2,1,n = |mat.size()|
1651571998,581,n,n,n = |nums.size()|
1651658390,1679,n,n,n = |nums.size()|
1651658666,1630,-,-,not calculated
1651659282,429,n,n,n = nodes count of |root|
1651745557,225,-,-,not calculated
1651746241,556,D^2,D,D = digits of |n|
1651747304,503,n,n,n = |nums.size()|
1651832955,1209,n,n,n = |s.size()|
1651901423,456,n * log(n),n,n = |nums.size()|
1651985044,910,n * log(n),1,n = |nums.size()|
1651985487,341,-,-,not calculated
1652090126,692,n * E + n * E * log(n),n,"n = |words.size()|, E = |words[i].size()|"
1652180489,216,-,-,not calculated
1652182060,445,-,-,not calculated
1652238931,1641,1,1,
1652350262,860,n,1,n = |bills.size()|
1652350761,1845,-,-,not calculated
1652438020,1093,n,n,n = |count.size()|
1652502898,743,n * E * log(n),E * log(n),"n = |times.size()|, E = ends count in |times|"
1652504395,1797,-,-,not calculated
1652590790,1302,n,n,n = nodes count |root|
1652591113,729,-,-,not calculated
1652592922,622,-,-,not calculated
1652694978,140,n * E,E * m,"n = |s.size()|, m = |wordDict.size()|, E = |wordDict[i].size()|"
1652782534,1379,n,n,n = nodes count of |original|
1652869287,1192,m,n,m = |connections.size()|
1652955430,329,m,n,"m = |matrix.size()|, n = |matrix[i].size()|"
1653041866,643,n,n,n = |nums.size()|
1653113013,1991,n,1,n = |nums.size()|
1653200803,647,n^2,n^2,n = |s.size()|
1653301424,474,L * E,m * n,"L = |strs.size()|, E = |strs[i].size()|"
1653372234,1437,n,1,n = |nums.size()|
1653473583,354,n * log(n),n,n = |envelopes.size()|
1653560775,623,-,-,not calculated
1653646430,1342,-,-,not calculated
1653711600,268,n,n,n = |nums.size()|
1653804572,318,n^2 * E,n * E,"n = |words.size()|, E = |words[i].size()|"
1653906030,405,-,-,not calculated
1653992354,1461,-,-,not calculated
1654077851,2266,-,-,not calculated
1654165315,867,m * n,1,"m = |matrix.size()|, n = |matrix[i].size()|"
1654234889,1688,-,-,not calculated
1654350155,1827,n,1,n = |nums.size()|
1654408634,654,-,-,not calculated
1654510587,1049,n^2,n^2,n = |stones.size()|
1654597519,219,n^2,n,n = |nums.size()|
1654682567,1332,n,1,n = |s.size()|
1654770912,794,1,1,
1654831791,342,-,-,not calculated
1654921763,1658,n,1,n = |nums.size()|
1655015364,1695,n,1,n = |nums.size()|
1655115690,1128,n,n,n = |dominoes.size()|
1655202360,1382,n,n,n = nodes count of |root|
1655299261,1048,n^2 * E,n,"n = |words.size()|, E = |words[i].size()|"
1655374940,1609,-,-,not calculated
1655474973,968,-,-,not calculated
1655534908,745,-,-,not calculated
1655615905,1268,n^2 * E_p + E_s * E_p,n * E_p,"n = |products.size()|, E_p = |products[i].size()|, E_s = |searchWord.size()|"
1655719883,820,n * E,n * E,"n = |words.size()|, E = |words[i].size()|"
1655820724,1642,-,-,not calculated
1655892855,1805,-,-,not calculated
1655979767,630,n * log(n),n,n = |courses.size()|
1656065197,1364,n * log(n),n,n = |target.size()|
1656131048,665,n,1,n = |nums.size()|
1656225418,1423,n,1,n = |cardPoints.size()|
1656324501,1689,n,1,
1656410925,1647,n,1,n = |s.size()|
1656499047,406,n * log(n),1,n = |people.size()|
1656561717,462,n,1,n = |nums.size()|
1656670826,1710,n * log(n),1,n = |boxTypes.size()|
1656739517,1465,n * log(n) + m * log(m),1,"n = |horizontalCuts.size()|, m = |verticalCuts.size()|"
1656829616,1576,n,1,n = |s.size()|
1656929819,135,n,n,n = |ratings.size()|
1657016645,128,n,n,n = |nums.size()|
1657102685,640,n,1,n = |equation.size()|
1657190084,97,n * m,m,"n = |s1.size()|, m = |s2.size()|"
1657275681,1473,-,-,not calculated
1657356281,1696,n * log(n),n,n = |nums.size()|
1657433586,830,n,1,n = |s.size()|
1657534900,2274,n * log(n),1,n = |special.size()|
1657536128,1967,n * E_p * E_w,1,"n = |patterns.size()|, E_p = |patterns[i].size()|, E_w = |word.size()|"
1657602600,473,-,-,not calculated
1657707154,1863,n^2,n,n = |nums.size()|
1657794812,1146,-,-,not calculated
1657809593,611,n^2,1,n = |nums.size()|
1657888975,658,k + log(n),1,n = |arr.size()|
1657890008,1894,n,n,n = |chalk.size()|
1657953511,576,M * m * n,m * n,M = |maxMove|
1657955727,1760,-,-,not calculated
1658039135,629,n * k,n * k,
1658039860,1552,n * log(n),1,n = |position.size()|
1658140563,1074,m * n + n^2,1,"m = |matrix.size()|, n = |matrix[i].size()|"
1658141668,1283,-,-,not calculated
1658204842,1898,-,-,not calculated
1658205447,1870,-,-,not calculated
1658313489,1482,-,-,not calculated
1658314925,1818,n * log(n),n,n = |nums1.size()|
1658336415,792,n + m * E,n,"n = |s.size()|, m = |words.size()|, E = |words[i].size()|"
1658404669,275,log(n),1,n = |citations.size()|
1658504084,482,n,1,n = |s.size()|
1658568933,1712,n + log(n),1,n = |nums.size()|
1658645564,826,-,-,not calculated
1658646762,436,n * log(n),n,n = |intervlas.size()|
1658834354,528,-,-,not calculated
1658917313,1574,n,1,n = |arr.size()|
1658917895,1508,m + n^2,m,m = |nums.size()|
1659003468,1292,m * n + L * log(L),m * n,"m = |mat.size()|, n = |mat[i].size()|, L = max(m, n)"
1659005793,1498,n * log(n),1,n = |nums.size()|
1659090091,890,-,-,not calculated
1659091280,981,-,-,not calculated
1659091770,1300,-,-,not calculated
1659170660,916,-,-,not calculated
1659172536,1802,m * log(m),1,m = |maxSum|
1659172968,1901,m * log(m) + m * n,1,"m = |mat.size()|, n = |mat[i].size()|"
1659242458,307,-,-,not calculated
1659243649,1488,n,n,n = |rains.size()|
1659350186,1562,n,n,n = |arr.size()|
1659350930,1648,n * log(n),1,n = |inventory.size()|
1659435695,1201,-,-,not calculated
1659436233,911,-,-,not calculated
1659437701,378,m^2 * n^2 * log(m * n),m * n,"m = |matrix.size()|, n = |matrix[i].size()|"
1659523848,2311,n,1,n = |s.size()|
1659609106,858,-,-,not calculated
1659695330,1089,n,1,n = |arr.size()|
1659769951,458,1,1,
1659848879,1220,-,-,not calculated
1659954128,1266,n,1,n = |points.size()|
1660040386,823,n * log(n),n,n = |arr.size()|
1660134995,958,n,n,n = nodes count of |root|
1660190675,1920,n,1,n = nums.size()
1660310382,2221,n^2,1,n = |nums.size()|
1660365724,292,1,1,
1660458910,126,-,-,not calculated
1660557958,401,-,-,not calculated
1660646003,804,n * E,1,"n = |words.size()|, E = |words[i].size()|"
1660731956,326,1,1,
1660818237,1338,n * log(n),n,n = |arr.size()|
1660904257,659,n,n,n = |nums.size()|
1660975844,871,n * log(n),n,n = |stations.size()|
1661064524,936,-,-,not calculated
1661096785,89,-,-,not calculated
1661097314,137,n,1,n = |nums.size()|
1661097862,166,-,-,not calculated
1661098916,179,-,-,not calculated
1661100003,345,n,n,n = |s.size()|
1661156581,207,-,-,not calculated
1661157263,220,n * log(n) + n^2,n,n = |nums.size()|
1661157903,223,1,1,
1661183246,229,n,n,n = |nums.size()|
1661249252,234,n,n,n = nodes count of |head|
1661253439,355,-,-,not calculated
1661335236,317,-,-,not calculated
1661338216,468,1,1,
1661346484,724,n,n,n = |nums.size()|
1661423014,205,n,n,n = |s.size()|
1661490698,869,D,1,D = digits of |n|
1661578913,363,m^2 * n^2,m * n,"m = |matrix.size()|, n = |matrix[i].size()|"
1661670068,1329,-,-,not calculated
1661766420,349,m,n,"n = |nums1.size()|, m = |nums2.size()|"
1661782006,73,m * n,m + n,"m = |matrix.size()|, n = |matrix[i],size()|"
1661782625,76,n,1,n = |s.size()|
1661854521,434,n,1,n = |s.size()|
1661940715,412,n,1,
1661941401,414,n,n,n = |nums.size()|
1661963745,687,n,n,n = nodes count of |root|
1662025393,1448,n,n,n = nodes count of |root|
1662121047,637,n,n,n = nodes count of |root|
1662182452,967,-,-,not calculated
1662277060,424,n,n,n = |s.size()|
1662278349,987,n * log^2(n),n,n = nodes count of |root|
1662370339,299,n,n,n = |secret.size()|
1662459067,814,n,n,n = nodes count of |root|
1662544330,606,n,n,n = nodes count of |root|
1662559676,217,n,n,n = |nums.size()|
1662570409,500,n * E,1,"n = |words.size()|, E = |words[i].size()|"
1662571121,495,n,1,n = |timeSeries.size()|
1662630816,1706,n * m,1,"m = |grid.size()|, n = |grid[i].size()|"
1662709405,1996,n,1,n = |properties.size()|
1662813528,188,n,1,n = |prices.size()|
1662877020,1383,n * log(n),n,
1662976265,948,n * log(n),1,n = |tokens.size()|
1662978303,2131,n,n,n = |words.size()|
1663063697,541,n,1,n = |s.size()|
1663138902,1457,n,n,n = nodes count of |root|
1663243775,2007,n * log(n),n,n = |changed.size()|
1663321960,1770,n^2,n,n = |multipliers.size()|
1663393297,336,-,-,not calculated
1663482470,815,-,-,not calculated
1663580782,609,n * E,n * E,"n = |paths.size()|, E = |paths[i].size()|"
1663665164,718,m * n,m * n,"m = |nums1.size()|, n = |nums2.size()|"
1663769400,985,n + m,1,"n = |nums.size()|, m = |queries.size()|"
1663823674,100,n,n,"n = max(nodes count of |p|, nodes count of |q|)"
1663925939,232,-,-,not calculated
1663995309,590,n,n,n = nodes count of |root|
1664102111,735,n,n,n = |asteriods.size()|
1664185074,990,n * E,1,"n = |equations.size()|, E = |equations[i].size()|"
1664185614,947,-,-,not calculated
1664275387,838,n,n,n = |dominoes.size()|
1664358540,661,n * m,1,"m = |img.size()|, n = |img[i].size()|"
1664443359,87,-,-,not calculated
1664443691,214,n,n,n = |s.size()|
1664542714,218,-,-,not calculated
1664597547,455,n * log(n) + m * log(m),1,"m = |g.size()|, n = |s.size()|"
1664685040,645,n,1,n = |nums.size()|
1664771504,1578,n,1,n = |colors.size()|
1664777811,747,n,1,n = |nums.size()|
1664858910,819,-,-,not calculated
1664937806,868,-,-,not calculated
1665022813,933,-,-,not calculated
1665108666,732,-,-,not calculated
1665209133,783,n,log(n),n = nodes count of |root|
1665210085,821,n,1,n = |s.size()|
1665292364,513,n,n,n = nodes count of |root|
1665380357,655,n,n,n = nodes count of |root|
1665466100,559,n,n,n = nodes count of |root|
1665554084,965,n,n,n = nodes count of |root|
1665638397,2236,1,1,
1665713296,2095,n,1,n = nodes count of |head|
1665811579,1531,-,-,not calculated
1665902404,1335,n^2,1,n = |jobDifficulty.size()|
1665991097,1832,n,1,n = |sentence.size()|
1666073632,2331,n,n,n = nodes count of |root|
1666141250,671,n,n,n = nodes count of |root|
1666221575,872,n_1 + n_2,log(n_1) + log(n_2),"n_1 = nodes count of |root1|, n_2 = nodes count of |root2|"
1666359165,2368,n,n^2,
1666436526,748,-,-,not calculated
1666529685,824,-,-,not calculated
1666617544,1295,n,1,n = |nums.size()|
1666666334,1662,E,E,E = total string length in |word1|
1666753398,523,n,k,n = |nums.size()|
1666852339,835,n^2,n^2,n = |img1.size()|
1666930468,1018,n,1,n = |nums.size()|
1667015246,2136,n * log(n),n,n = |plantTime.size()|
1667104013,796,n,n,n = |s.size()|
1667191048,766,m * n,1,"m = |matrix.size()|, n = |matrix[i].size()|"
1667300122,728,-,-,not calculated
1667397824,697,n,n,n = |nums.size()|
1667489110,925,n,1,"n = min(|name.size()|, |typed.size()|)"
1667557659,696,n,1,n = |s.size()|
1667622014,1051,n * log(n),n,n = |hieghts.size()|
1667715703,899,n * log(n),n,n = |s.size()|
1667818081,1071,-,-,not calculated
1667902882,1544,n,1,n = |s.size()|
1667990487,901,-,-,not calculated
1668075155,1047,n,1,n = |s.size()|
1668167055,1078,E,E,E = |text.size()|
1668258233,295,-,-,not calculated
1668318557,1154,1,1,
1668430038,241,-,-,not calculated
1668509907,357,n,1,
1668596780,372,n,n,n = |b.size()|
1668678374,722,n * E,E,"n = |source.size()|, E = |source[i].size()|"
1668737342,908,n,1,n = |nums.size()|
1668839262,587,n * log(n),n,n = |trees.size()|
1668928016,1037,1,1,
1669033165,859,n,1,n = |s.size()|
1669111484,812,n^3,1,n = |points.size()|
1669202159,914,n,n,n = |deck.size()|
1669257638,657,n,1,n = |moves.size()|
1669344720,530,n,log(n),n = nodes count of |root|
1669450088,1470,n,1,n = |nums.size()|
1669537450,1287,log(n),1,n = |arr.size()|
1669716209,2225,n * log(n),n,n = |matches.size()|
1669717622,1252,m + n + k,m + n,k = |indices.size()|
1669784129,1207,n,n,n = |arr.size()|
1669897183,1704,n,1,n = |s.size()|
1669975617,1657,n * log(n),n,n = |word1.size()|
1670059406,1160,n * E + m,E,"n = |words.szie()|, E = |words[i].size()|, m = |chars.size()|"
1670133337,2256,n,n,n = |nums.size()|
1670227851,1455,n + m * n,n,"n = |sentence.size()|, m = |searchWord.size()|"
1670323866,1486,n,1,
1670343428,1614,n,1,n = |s.size()|
1670412846,1512,n,n,n = |nums.size()|
1670495565,1556,D,1,D = digits of |n|
1670557438,1971,E + n,E + n,E = |edges.size()|
1670650202,2000,n,1,n = |word.size()|
1670756081,2022,m * n,1,
1670845900,2032,n_1 + n_2 + n_3,"max(n_1, n_2, n_3)","n_1 = |nums1.size()|, n_2 = |nums2.size()|, n_3 = |nums3.size()|"
1670931488,1925,n^2,n,
1671010649,1784,n,1,n = |s.size()|
1671070831,1816,n,1,n = |s.size()|
1671186601,1748,n,n,n = |nums.size()|
1671253419,1716,1,1,
1671342358,1668,n^2,n,n = |sequence.size()|
1671455040,1652,n * k,1,n = |code.size()|
1671532549,1837,n / k,1,
1671625768,1684,n + m * E,n,"n = |allowed.size()|, m = |words.size()|, E = |words[i].size()|"
1671708729,1859,n,n,n = |s.size()|
1671768074,1732,n,1,n = |gain.size()|
1671864098,1952,sqrt(n),1,
1671950638,2389,n * log(n) + n * m,n,"n = |nums.size()|, m = |queries.size()|"
1672036767,1656,-,-,not calculated
1672145999,2279,n * log(n),n,n = |capacity.size()|
1672195678,1962,n * log(n),n,n = |piles.size()|
1672311424,1834,n * log(n),n,n = |tasks.size()|
1672395272,1961,"max(n, m * E)",m * E,"n = |s.size()|, m = |words.size()|, E = |words[i].size()|"
1672463882,1844,n,1,n = |s.size()|
1672555695,2057,n,1,n = |nums.size()|
1672642442,1941,n,n,n = |s.size()|
1672743061,944,n * E,1,"n = |strs.size()|, E = |strs[i].size()|"
1672835610,2244,n,n,n = |tasks.size()|
1672907032,2053,n * E,n * E,"n = |arr.size()|, E = |arr[i].size()|"
1672992904,1833,n * log(n),n,n = |costs.size()|
1673073648,2154,n,n,n = |nums.size()|
1673183382,2255,m * n * E,m,"m = |s.size()|, n = |words.size()|, E = |words[i].size()|"
1673261616,2293,n * log(n),n,n = |nums.size()|
1673330767,2248,m * n,m * n,"m = |nums.size()|, n = |nums[i].size()|"
1673434746,1443,-,-,not calculated
1673510693,1519,n,n,n = |edges.size()|
1673608195,2246,n,n,n = |parent.size()|
1673675646,1061,n,n,n = |s1.size()|
1673775220,2421,n * log(n),n,n = |edges.size()|
1673856147,2235,1,1,
1673856506,2239,n,1,n = |nums.size()|
1673962206,2319,n^2,1,n = |grid.size()|
1674035605,2418,n * log(n),n,n = |names.size()|
1674101054,974,n,k,n = |nums.size()|
1674181438,491,-,-,not calculated
1674264569,2423,n,1,n = |word.size()|
1674361741,2395,n,n,n = |nums.size()|
1674455451,2164,n * log(n),n,n = |nums.size()|
1674546978,909,-,-,not calculated
1674632935,2359,-,-,not calculated
1674711452,787,-,-,not calculated
1674801209,472,-,-,not calculated
1674962914,460,-,-,not calculated
1675064526,2347,-,-,not calculated
1675169764,1626,n * log(n),n,n = |ages.size()|
1675253276,2206,n,n,n = |nums.size()|
1675335803,2427,-,-,not calculated
1675401577,2413,1,1,
1675492380,2399,n,1,n = |s.size()|
1675605193,2540,"max(n, m)",n,"n = |nums1.size()|, m = |nums2.size()|"
1675672943,2544,D,1,D = digits of |n|
1675778210,904,n,1,n = |fruits.size()|
1675851423,2215,n + m,n + m,"n = |nums1.size()|, m = |nums2.size()|"
1675925752,2306,n,n,n = |ideas.size()|
1676015275,2243,log(n)/log(k),n,n = |s.size()|
1676098354,2325,m + n,1,"m = |key.size()|, n = |message.size()|"
1676184733,2477,n,n,n = |roads.size()|
1676284410,2315,n,1,n = |s.size()|
1676374793,2363,m + n,m + n,"m = |items1.size()|, n = |items2.size()|"
1676461515,2351,n,n,n = |s.size()|
1676544057,2169,n,n,"n = max(|num1|, |num2|)"
1676630227,2469,1,1,
1676698334,2535,D,1,D = digits in |nums|
1676788969,2373,n^2,1,n = |grid.size()|
1676818080,2485,n,1,
1676818394,125,n,1,n = |s.size()|
1676861926,107,n,n,n = nodes count of |root|
1676910133,2278,n,n,n = |s.size()|
1676913449,2264,n,n,n = |num.size()|
1676976324,2194,1,1,
1677062065,1011,n * log(n),1,n = |weights.size()|
1677153743,502,n * log(n),n,n = |profits.size()|
1677223611,2259,n,1,n = |number.size()|
1677302659,2148,n,1,n = |nums.size()|
1677397899,2220,n,1,n = digits of |start| and |goal|
1677481920,427,n^3,n,n = |grid.size()|
1677566400,652,n^2,n^2,n = node count of |root|
1677638630,2357,n,n,n = |nums.size()|
1677662681,2367,n,n,n = |nums.size()|
1677758607,443,n,1,n = |chars.size()|
1677825097,2460,n,1,n = |nums.size()|
1677908397,2444,n,1,n = |nums.size()|
1677991335,2441,n,n,n = |nums.size()|
1678085656,2490,n,1,n = |sentece.size()|
1678192004,2187,1,1,
1678278126,2437,1,1,
1678297790,2210,n,1,n = |nums.size()|
1678335031,2451,m * n,m * n,m = |words.size()| and n = |words[i].size()|
1678362739,2506,n * E,n * E,"n = |words.size()|, m = |words[i].size()|"
1678368731,2446,1,1,
1678425798,2574,n,n,n = |nums.size()|
1678469578,2299,n,1,n = |password.size()|
1678469818,2181,n,1,n = nodes cound of |head|
1678517174,2231,n,n,n = digits of |num|
1678604263,2269,n,1,n = digits of |num|
1678611581,2185,n * m * E,1,"n = |words.size()|, E = |words[i].size()|, m = |pref.size()|"
1678612555,2520,n,1,n = digits of |num|
1678676774,2455,n,1,n = |nums.size()|
1678791649,2529,log(n),1,n = |nums.size()|
1678866245,2553,n,m,"n = |nums.size()|, m = digits of |nums[i]|"
1678951284,2176,n^2,1,n = |nums.size()|
1679030016,1979,n,1,n = |nums.size()|
1679122098,1472,-,-,not calculated
1679208580,1796,n,1,n = |s.size()|
1679309887,2068,n,1,n = |word1.size()|
1679395085,2348,n,1,n = |nums.size()|
1679404079,2129,n,1,n = |title.size()|
1679485622,2492,n * log(n) + m,m,m = |roads.size()|
1679486755,1694,n,n,n = |number.size()|
1679585030,1598,n,n * E,"n = |logs.size()|, E = |logs[i].size()|"
1679629106,1636,n * log(n),n,n = |nums.size()|
1679738437,2316,m + n,m + n,m = |edges.size()|
1679823697,2360,n,n,n = |edges.size()|
1679893104,1299,n,1,n = |arr.size()|
1680002257,1496,n,n,n = |path.size()|
1680003017,1184,n,n,n = |distance.size()|
1680086236,1402,n * log(n),n,n = |satisfaction.size()|
1680177118,1185,1,1,
1680246141,1444,m * k + n * k + m * n,m*n*k,"m = |pizza.size()|, n = |pizza[i].size()|"
1680325505,1550,n,1,n = |arr.size()|
1680418383,2300,m * log(m) + n * log(m),1,"m = |spells.size()|, n = |potions.size()|"
1680422446,1725,n,1,n = |rectangles.size()|
1680507380,1646,n,n,
1680509191,1399,n,n,
1680591475,2405,n,n,n = |s.size()|
1680667345,2439,n,1,n = |nums.size()|
1680669366,1773,n * E,1,"n = |items.size()|, E = |items[i][j].size()|"
1680670173,2309,n,n,n = |s.size()|
1680768661,2094,n,1,n = |digits.size()|
1680840566,2133,n^2,n,n = |matrix.size()|
1680919278,2465,n * log(n),n,n = |nums.size()|
1681024719,1857,-,-,not calculated
1681087935,1854,-,-,not calculated
1681179503,2390,n,1,n = |s.size()|
1681221959,1869,n,1,n = |s.size()|
1681234075,1880,n + m + k,1,"n = |firstWord.size()|, m = |secondWord.size()|, k = |targetWord.size()|"
1681296997,2124,n,1,n = |s.size()|
1681383096,2062,n,1,n = |word.size()|
1681454454,2283,n,n,n = |num.size()|
1681534474,2218,n^2,n * k,n = |piles.size()|
1681630460,1639,(n + m) * E,m * E,"n = |words.size()|, E = |words[i].size()|, m = |target.size()|"
1681732488,1431,n,1,n = |candies.size()|
1681815566,1913,n,1,n = |nums.size()|
1681877002,1372,n,n,n = nodes count of |root|
1681988121,2496,n * E,1,"n = |strs.size()|, E = |strs[i].size()|"
1682046621,879,m * n * k,m * n * k,"m = |group.size()|, k = |minProfit|"
1682142698,1312,n^2,n^2,n = |s.size()|
1682229557,1416,-,-,not calculated
1682296811,2114,n * E,1,"n = |sentences.size()|, E = |sentences[i].size()|"
1682419510,2336,-,-,not calculated
1682506184,2160,1,1,
1682592339,319,sqrt(n),1,
1682652820,839,-,-,not calculated
1682747375,1697,-,-,not calculated
1682838348,1579,-,-,not calculated
1682923995,2570,n * log(n),n,n = |id_i|
1683024232,2341,n,1,n = |nums.size()|
1683111751,2500,m * n * log(n),1,"m = |grid.size()|, n = |grid[0].size()|"
1683189736,649,n,n,n = |senate.size()|
1683271884,1456,n,1,n = |s.size()|
1683353803,2595,-,-,not calculated
1683442531,1964,n * log(n),n,n = |obstacles.size()|
1683531831,2651,1,1,
1683633816,2643,m * n,1,"m = |mat.size()|, n = |mat[i].size()|"
1683715584,2652,n,1,
1683800806,2656,n,1,n = |nums.size()|
1683865315,2140,n,n,n = |questions.size()|
1683965830,2466,-,-,not calculated
1684063185,1799,2^n * n^2,2^n,n = |nums.size()|
1684129487,1893,1,1,
1684248971,2108,n * E,1,"n = |words.size()|, E = |words[i].size()|"
1684320802,2130,n,n,n = nodes count of |head|
1684384001,1945,-,-,not calculated
1684468433,2614,-,-,not calculated
1684553343,836,1,1,
1684647777,1108,n,1,n = |address.size()|
1684748394,2578,-,-,not calculated
1684824442,2678,n,1,n = |details.size()|
1684929674,2542,n * log(n),n,n = |nums1.size()|
1684997887,837,n,n,
1685091434,1140,n ^ 3,n,n = |piles.size()|
1685172440,1406,-,-,not calculated
1685255614,1547,-,-,not calculated
1685339259,2639,m * n,1,"m = |grid.size()|, n = |grid[i].size()|"
1685447676,2481,1,1,
1685499087,2582,1,1,
1685616879,599,m * E_1 + n * E_2,m * E_1,"m = |lists.size()|, E_1 = |lists[i].size()|, n = |list2.size()|, E_2 = |list2[i].size|"
1685688936,2101,n ^ 2,n ^ 2,n = |bombs.size()|
1685779439,1021,n,n,n = |s.size()|
1685877248,506,n * log(n),n,n = |score.size()|
1685935309,832,m * n,1,"m = |image.size()|, n = |image[i].size()|"
1686031859,806,n,1,n = |s.size()|
1686135568,1318,1,1,
1686221277,1030,(m * n) * log(m * n),1,"m = |rows|, n = |cols|"
1686281730,1331,n * log(n),n,n = |arr.size()|
1686385791,1389,n,1,n = |nums.size()|
1686463025,1935,n,1,n = |text.size()|
1686573690,1909,n,1,n = |nums.size()|
1686657257,2352,n^2,n^2,n = |grid.size()|
1686744273,2706,n,1,n = |prices.size()|
1686809568,1161,n,log(n),n = nodes count in |root|
1686882187,1569,-,-,not calculated
1686971537,1187,-,-,not calculated
1687071491,2328,m * n,m * n,"m = |grid.size()|, n = |grid[i].size()|"
1687174797,551,n,1,n = |s.size()|
1687264570,1360,1,1,
1687331142,2448,n * log(n),n,n = |nums.size()|
1687392236,1380,m * n,1,"m = |matrix.size()|, n = |matrix[i].size()|"
1687517375,1027,n^2,n^2,n = |nums.size()|
1687584076,956,n^2,n,n = |rods.size()|
1687669282,1575,m * n^2,m * n,"m = |fuel|, n = |locations.size()|"
1687757732,2462,n * log(n) * k,n,n = |costs.size()|
1687869874,373,n * m * log(m + n),m + n,"m = |nums1.size()|, n = |nums2.size()|"
1687958324,1514,m * log(m),m,m = |edges.size()|
1688041264,864,m * n,m * n,"m = |grid.size()|, n = |grid[0].size()|"
1688107673,1970,r * c * log(r * c),r * c,"r = |row|, c = |col|"
1688201275,2305,n * k,n * k,n = |cookies.size()|
1688279098,1601,-,-,not calculated
1688390824,521,n,1,n = |a.size()|
1688472497,575,n,n,n = |candyType.size()|
1688538571,1493,n,1,n = |nums.size()|
1688644647,628,n * log(n),1,n = |nums.size()|
1688702625,2024,n,1,n = |answerKey.size()|
1688790505,2551,n * log(n),n,n = |weights.size()|
1688877810,2272,n,1,n = |s.size()|
1689081442,863,n,n,n = nodes count of |root|
1689162757,594,n,n,n = |nums.size()|
1689230101,674,n,1,n = |nums.size()|
1689320014,1218,n,n,n = |arr.size()|
1689429360,1751,n * log(n),n * k,n = |events.size()|
1689485758,1125,2 ^ m * n,n + 2 ^ m,"m = |req_skills.size()|, n = |people.size()|"
1689583005,883,n^2,1,n = |grid.size()|
1689686292,892,n ^ 2,1,n = |grid.size()|
1689768310,942,n,1,n = |s.size()|
1689854045,961,n,1,n = |nums.size()|
1689916879,1005,n * log(n),n,n = |nums.size()|
1690010759,688,-,-,not calculated
1690082496,894,-,-,not calculated
1690177763,1013,n,1,n = |arr.size()|
1690285712,1025,n,n,
1690381262,1103,n,n,n = |num_people|
1690427020,2141,-,-,not calculated
1690527064,486,-,-,not calculated
1690617756,808,-,-,not calculated
1690688243,664,-,-,not calculated
1690805956,712,n * m,n + m,"n = |s1.size()|, m = |s2.size()|"
1690893115,1175,n,n,
1690946711,1304,n,1,
1691059381,1313,n,n = |nums.size()|,
1691147721,1317,-,-,not calculated
1691245195,1365,n * log(n),n,n = |nums.size()|
1691305817,920,n * m,n * m,m = |goal|
1691410015,1370,n * log(n),n,n = |s.size()|
1691494785,1374,n,1,
1691553990,2616,n * log(n),1,n = |nums.size()|
1691667436,1394,n,1,n = |arr.size()|
1691727183,1403,n,1,n = |nums.size()|
1691820916,1417,n,n,n = |s.size()|
1691915181,2369,n,n,n = |nums.size()|
1692023442,1422,n,n,n = |s.size()|
1692091913,1436,n * E,n * E,"n = |paths.size()|, E = |paths[i].size()|"
1692157938,239,n,n,n = |nums.size()|
1692282537,1450,n,1,n = |startTime.size()|
1692353092,1460,n,1,n = |target.size()|
1692416430,1489,-,-,not calculated
1692526970,1203,-,-,not calculated
1692615934,1475,n,n,n = |prices.size()|
1692697903,168,log(n),1,n = |columnNumber|
1692793084,1518,-,-,not calculated
1692878054,1528,n,1,n = |s.size()|
1692965351,1560,-,-,not calculated
1693032947,646,n * log(n),n,n = |pairs.size()|
1693116300,403,-,-,not calculated
1693208721,1566,n^2,n,n = |arr.size()|
1693307737,2483,n,1,n = |customers.size()|
1693397347,2366,n,1,n = |nums.size()|
1693431944,1592,n,n,n = |text.size()|
1693569585,1619,n,1,n = |arr.size()|
1693617873,2707,-,-,not calculated
1693699729,1624,n,1,n = |s.size()|
1693793714,1640,n,n,n = |pieces.size()|
1693871496,1700,n,n,n = |student.size()
1693961096,1736,1,1,
1693961417,1326,n,n,
1694074340,1742,n,n,n = |lowLimit - highLimit|
1694162941,1758,n,1,n = |s.size()|
1694235849,1800,n,1,n = |nums.size()|
1694325068,1812,1,1,
1694432703,1282,n,n,n = |groupSizes.size()|
1694516830,1763,n,n,n = |s.size()|
1694604022,1848,n,1,n = |nums.size()|
1694694354,332,-,-,not calculated
1694789440,1876,n,1,n = |s.size()|
1694835353,1897,n,1,n = |words.size()|
1694928069,1957,n,1,n = |s.size()|
1695038758,1974,n,1,n = |word.size()|
1695120846,1984,n * log(n),1,n = |nums.size()|
1695207208,1995,n^2,n,n = |nums.size()|
1695294056,2016,n,1,n = |nums.size()|
1695387240,2027,n,1,n = |s.size()|
1695439158,2037,n * log(n),1,n = |students.size()|
1695529552,2047,n,n,n = |sentences.size()|
1695646680,2073,S,1,S = sum of |tickets|
1695737825,2078,n,1,n = |colors.size()|
1695817816,880,n,1,n = |s.size()|
1695909273,2085,n * E,n * E,"n = |words.size()|, E = |words[i].size()|"
1695978155,2089,n * log(n),1,n = |nums.size()|
1696045232,2099,n + k * log(k),n,
1696132266,2103,n,n,n = |rings.size()|
1696252090,2038,n,1,n = |colors.size()|
1696331134,2119,1,1,
1696425382,2138,n,1,n = |s.size()|
1696589607,2144,n * log(n),1,n = |cost.size()|
1696676111,1420,-,-,not calculated
1696739489,1458,n * m,n,"m = |nums1.size()|, n = |nums2.size)|"
1696911410,2009,n * log(n),1,n = |nums.size()|
1697028138,2251,n * log(n) + m,n,"n = |flowers.size()|, m = |people.size()|"
1697118094,1095,-,-,not calculated
1697165764,2190,n,n,n = |nums.size()|
1697259870,2742,n ^ 2,n ^ 2,n = |cost.size()|
1697351450,1269,-,-,not calculated
1697464924,2224,1,1,
1697545472,2273,n * E,E,"n = |words.size()|, E = |words[i].size()|"
1697629198,2050,-,-,not calculated
1697721878,2287,n * log(n),n,n = |s.size()|
1697809381,2303,n,1,n = |brackets.size()|
1697867976,1425,n * log(k),n,n = |nums.size()|
1697958189,1793,n,1,n = |nums.size()|
1698049501,2335,1,1,
1698148990,2379,n,1,n = |blocks.size()|
1698236301,2383,n,1,n = |energy.size()|
1698406955,2432,n,1,n = |logs.size()|
1698471746,2475,n,1,n = |nums.size()|
1698664819,2511,n,1,n = |forts.size()|
1698751424,2433,n,1,n = |pref.size()|
1698842389,2515,n * E,1,"n = |words.size()|, E = |words[i].size()|"
1698924982,2265,n,n,n = node counts of |root|
1699011997,1441,n,1,n = |target.size()|
1699107319,1503,n,1,
1699157599,1535,n,1,n = |arr.size()|
1699277084,2525,1,1,
1699355522,1921,n * log(n),n,n = |dist.size()|
1699442216,2849,1,1,
1699533331,1759,n,1,n = |s.size()|
1699629406,1743,n,n,n = |adhacentPairs.size()|
1699873273,2785,n * log(n),n,n = |s.size()|
1699873921,2642,-,-,not calculated
1700046054,1930,n,n,n = |s.size()|
1700046440,1846,n * log(n),1,n = |arr.size()|
1700133098,1980,n,1,n = |nums.size()|
1700282997,1877,n * log(n),1,n = |nums.size()|
1700374686,2549,1,1,
1700482100,2391,n * E,1,"n = |garbage.size()|, E = |garbage[i].size()|"
1700565084,1814,n * log(n),n,n = |nums.size()|
1700652262,1424,N,N,N = elements in |nums.size()|
1700738599,2558,(n + k) * log(n),n,n = |gifts.size()|
1700796163,1561,n + M,M,"M = max element in |piles|, n = |piles.size()|"
1700911182,1685,n,n,n = |nums.size()|
1700975781,1727,m * n * log(n),1,"m = |matrix.size()|, n = |matrix[i].size()|"
1701093949,935,n,n,
1701164578,2147,n,1,n = |corridor.size()|
1701347543,1611,-,-,not calculated
1701438899,2562,n,1,n = |nums.size()|
1701508788,2566,n,n,n = digits of |num|
1701614991,2586,n,1,n = |right - left|
1701689262,2591,n,n,n = |children|
1701781159,2600,1,1,
1701861018,2605,n,1,"n = |max(nums1.size(), nums2.size())|"
1701949431,2609,n,1,n = |s.size()|
1702037888,2644,n * m,m,"n = |nums.size()|, m = |divisors.size()|"
1702117991,2660,n,1,n = |players.size()|
1702190950,2670,n,n,n = |nums.size()|
1702292180,2682,n,n,
1702382581,2696,n,n,n = |s.size()|
1702465331,2697,n,1,n = |s.size()|
1702561275,2482,m * n,m * n,"m = |grid.size()|, n = |grid[i].size()|"
1702637195,2710,n,1,n = |num.size()|
1702702109,2716,n,n,n = |s.size()|
1702799356,2353,-,-,not calculated
1702898683,2717,n,1,n = |nums.size()|
1702987914,2729,-,-,not calculated
1703075501,2733,n,1,n = |nums.size()|
1703156093,1637,n * log(n),1,n = |points.size()|
1703247201,2739,-,-,not calculated
1703316884,2744,n * E,E,"n = |words.size()|, m = |words[i].size()|"
1703391700,2748,n ^ 2,1,n = |nums.size()|
1703592225,2760,-,-,not calculated
1703675114,2765,n,n,n = |nums.size()|
1703761379,2769,1,1,
1703855686,2778,n,1,n = |nums.size()|
1704003582,2784,n,n * log(n),n = |nums.size()|
1704089354,2788,n * E,1,"n = |words.size()|, E = |words[i].size()|"
1704183986,2610,n,n,n = |nums.size()|
1704285734,2125,n,n,n = |bank.size()|
1704382464,2870,n,n,n = |nums.size()|
1704446530,2798,n,1,n = |hours.size()|
1704525698,1235,n * log(n),n,n = |startTime.size()|
1704610347,2806,1,1,
1704717900,2810,n ^ 2,1,n = |s.size()|
1704805669,2815,n * E^2 * log(E),E,"n = |nums.size()|, E = digits of |nums[i]|"
1704884465,2385,n,n,n = nodes of |root|
1704984881,2824,n ^ 2,1,n = |nums.size()|
1705067897,2828,n,1,n = |words.size()|
1705112388,1347,n,1,n = |s.size()|
1705206948,2833,n,1,n = |moves.size()|
1705315847,2839,1,1,
1705404744,2843,1,1,
1705489735,2848,-,-,not calculated
1705579056,2855,n,1,n = |nums.size()|
1705668826,2859,n,1,n = |nums.size()|
1705820570,2864,n,1,n = |s.size()|
1706010938,2869,n,k,n = |nums.size()|
1706096620,2873,n,n,n = |nums.size()|
1706180952,2894,n,1,
1706343603,2899,n * E,n,"n = |words.size()|, E = |words[i].size()|"
1706431390,2903,n ^ 2,1,n = |nums.size()|
1706530724,2908,n^3,1,n = |nums.size()|
1706616598,2913,n ^ 3,n,n = |nums.size()|
1706698539,2917,n,1,n = |nums.size()|
1706784752,2966,n,1,n = |nums.size()|
1706859281,2923,n ^ 2,1,n = |grid.size()|
1706934000,2928,n ^ 2,n,n = |candies|
1707026440,2932,n^2,1,n = |nums.size()|
1707134117,2937,n,1,n = |s1.size()|
1707230977,2942,n * E,1,"n = |words.size()|, E = |words[i].size()|"
1707293977,2946,n * m,1,"m = |mat.size()|, n = |mat[i].size()|"
1707356581,2951,n,1,n = |mountain.size()|
1707451704,2956,n + m,n + m,"n = |nums1.size()|, m = |nums2.size()|"
1707537037,2960,n,1,n = |batteryPercentages.size()|
1707624955,2965,n * n,n * n,n = |grid.size()|
1707711910,2970,n ^ 3,n,n = |nums.size()|
1707802243,2974,n * log(n),1,n = |nums.size()|
1707880220,2980,n,1,n = |nums.size()|
1707991396,2971,n,1,n = |nums.size()|
1708076130,1481,n,n,n = |arr.size()|
1708151356,2900,n,1,n = |words.size()|
1708244159,2402,n ^ 2,n,
1708349169,2996,n,1,n = |nums.size()|
1708427765,3000,n,1,n = |dimensions.size()|
1708517278,3005,n,1,n = |nums.size()|
1708621659,3010,n,1,n = |nums.size()|
1708744915,2092,m * log(m) + (m + n) * alpha(n),m + n,m = |meetings.size()|
1708844359,2709,sqrt(n),n,n = |nums.size()|
1708945799,3014,1,1,
1709037643,3019,n,1,n = |s.size()|
1709118356,3024,1,1,
1709210140,3028,n,1,n = |nums.size()|
1709285440,3033,n * m,n,"m = |matrix.size()|, n = |matrix[i].size()|"
1709354232,3038,n,1,n = |nums.size()|
1709473352,3042,n^2 + E,1,"n = |words.size()|, E = |words[i].size()|"
1709562627,3046,n,1,n = |nums.size()|
1709654272,1750,n,1,n = |s.size()|
1709728206,3065,n,1,n = |nums.size()|
1709820509,3069,n,n,n = |nums.size()|
1709903143,306,n^3,n,n = |num.size()|
1709967116,324,n,1,n = |nums.size()|
1710059746,3074,n * log(n) + m,1,"n = |capacity.size()|, m = |apple.size()|"
1710167999,791,n + m,n,"n = |order.size()|, m = |s.size()|"
1710253396,1171,n,n,n = number of |head|
1710330984,274,n * log(n),1,n = |citations.size()|
1710423310,930,n,n,n = |nums.size()|
1710508059,385,n,n,n = |s.size()|
1710564611,386,n,1,
1710657924,3079,n,1,n = |nums.size()|
1710767851,390,n,1,
1710857083,3083,n,n,n = |s.size()|
1710936965,1669,b,1,
1711024040,395,n,n,n = |s.size()|
1711083640,396,n,1,n = |nums.size()|
1711153013,398,-,-,not calculated
1711256342,400,-,-,not calculated
1711366682,419,n * m,"max(n, m)","m = |board.size()|, n = |board[0].size()|"
1711457820,423,n,1,n = |s.size()|
1711538724,447,-,-,not calculated
1711624018,2958,n,n,n = |nums.size()|
1711718183,2962,n,1,n = |nums.size()|
1711782622,992,n,k,n = |nums.size()|
1711869338,3099,1,1,
1711964926,3090,n,1,n = |s.size()|
1712060606,3095,n ^ 2,1,n = |nums.size()|
1712147970,449,n,n,n = number of |root|
